Basis,k=1,k=2,k=3,k=4
1,2.5,0.39999999999999997,1.5000000000000013,1.3333333333331583
x^1,0.0,1.5000000000000002,-7.100000000000007,-8.49999999999869
x^2,0.0,0.0,9.000000000000007,15.166666666663765
x^3,0.0,0.0,0.0,-4.999999999998191
