Optimal Gamma: ,Optimal Sigma: ,mse: 
1.862645149230957e-09,5792.618751480198,42.82615966796875
